user_id,user_name,email,password,phone,is_active,client_id,restaurant_id,role_id,department_id,subscription_id,activation_date,inactivation_date
1,Oliver Wright,oliver.wright1@ros-uk.com,hashed_0001_pwd,07921 776 3464,False,1,1,1,7,1,2024-05-14,2024-08-03
2,Jacob King,jacob.king2@ros-uk.com,hashed_0002_pwd,02830 538 8460,True,1,1,3,9,1,2024-06-10,
3,Ava Robinson,ava.robinson3@ros-uk.com,hashed_0003_pwd,07887 944 3333,True,1,1,1,1,1,2023-11-21,
4,Olivia Adams,olivia.adams4@ros-uk.com,hashed_0004_pwd,05959 271 2433,True,1,1,3,7,1,2022-10-18,
5,Lucy King,lucy.king5@ros-uk.com,hashed_0005_pwd,06925 196 9390,True,1,1,2,8,1,2024-04-12,
6,Holly Lewis,holly.lewis6@ros-uk.com,hashed_0006_pwd,02719 616 4148,True,1,2,1,7,1,2024-06-11,
7,James Johnson,james.johnson7@ros-uk.com,hashed_0007_pwd,07448 883 2307,True,1,2,1,1,1,2023-09-08,
8,Olivia Taylor,olivia.taylor8@ros-uk.com,hashed_0008_pwd,05251 206 4110,True,1,2,1,1,1,2023-10-29,
9,Holly Harris,holly.harris9@ros-uk.com,hashed_0009_pwd,03993 451 1415,True,1,2,4,2,1,2023-12-19,
10,Grace Lewis,grace.lewis10@ros-uk.com,hashed_0010_pwd,06566 814 1266,True,1,2,3,8,1,2022-08-17,
11,James Adams,james.adams11@ros-uk.com,hashed_0011_pwd,03216 261 6312,False,2,3,4,5,1,2022-06-11,2024-10-19
12,Emily Harris,emily.harris12@ros-uk.com,hashed_0012_pwd,04365 919 9152,True,2,3,2,8,1,2022-11-18,
13,William Robinson,william.robinson13@ros-uk.com,hashed_0013_pwd,05965 506 1271,True,2,3,3,2,1,2022-11-24,
14,Charlie Taylor,charlie.taylor14@ros-uk.com,hashed_0014_pwd,08075 365 8027,True,2,3,1,1,1,2022-08-28,
15,Harry Young,harry.young15@ros-uk.com,hashed_0015_pwd,04527 454 6559,True,2,3,1,9,1,2023-03-17,
16,Amelia Williams,amelia.williams16@ros-uk.com,hashed_0016_pwd,05579 287 7850,True,2,4,1,2,1,2023-02-01,
17,William Wright,william.wright17@ros-uk.com,hashed_0017_pwd,03233 797 1303,True,2,4,4,9,1,2022-10-25,
18,Holly Green,holly.green18@ros-uk.com,hashed_0018_pwd,01868 577 7208,True,2,4,1,8,1,2023-12-02,
19,Megan Adams,megan.adams19@ros-uk.com,hashed_0019_pwd,05812 922 7188,True,2,4,3,4,1,2024-02-11,
20,Daniel Davies,daniel.davies20@ros-uk.com,hashed_0020_pwd,06898 384 5017,True,2,4,3,3,1,2022-10-20,
21,Thomas Wright,thomas.wright21@ros-uk.com,hashed_0021_pwd,04085 475 9626,False,3,5,1,6,1,2023-10-21,2024-05-23
22,Daniel Robinson,daniel.robinson22@ros-uk.com,hashed_0022_pwd,07171 681 9930,True,3,5,2,4,1,2023-08-17,
23,Daniel Williams,daniel.williams23@ros-uk.com,hashed_0023_pwd,08739 178 4825,True,3,5,2,3,1,2022-08-19,
24,Grace Taylor,grace.taylor24@ros-uk.com,hashed_0024_pwd,07279 423 9221,True,3,5,4,8,1,2022-10-19,
25,Jacob Wood,jacob.wood25@ros-uk.com,hashed_0025_pwd,06885 551 3019,True,3,5,1,3,1,2022-09-25,
26,Lucy Robinson,lucy.robinson26@ros-uk.com,hashed_0026_pwd,08021 470 6386,True,3,6,1,3,1,2024-06-08,
27,William Taylor,william.taylor27@ros-uk.com,hashed_0027_pwd,03257 932 8263,True,3,6,2,8,1,2024-04-16,
28,William Adams,william.adams28@ros-uk.com,hashed_0028_pwd,04701 520 2149,True,3,6,3,3,1,2022-06-15,
29,Jack Taylor,jack.taylor29@ros-uk.com,hashed_0029_pwd,03245 635 2049,True,3,6,1,6,1,2022-06-28,
30,Grace Brown,grace.brown30@ros-uk.com,hashed_0030_pwd,05680 553 4978,True,3,6,1,5,1,2023-03-23,
31,Megan Young,megan.young31@ros-uk.com,hashed_0031_pwd,03042 156 2078,False,4,7,2,2,1,2023-06-23,2023-11-18
32,Olivia Adams,olivia.adams32@ros-uk.com,hashed_0032_pwd,06436 993 2837,True,4,7,1,8,1,2024-03-09,
33,Holly Williams,holly.williams33@ros-uk.com,hashed_0033_pwd,03579 509 5032,True,4,7,2,6,1,2022-12-02,
34,William King,william.king34@ros-uk.com,hashed_0034_pwd,06911 329 5793,True,4,7,1,8,1,2023-03-01,
35,Olivia Young,olivia.young35@ros-uk.com,hashed_0035_pwd,04675 901 9586,True,4,7,2,1,1,2023-01-20,
36,James Hall,james.hall36@ros-uk.com,hashed_0036_pwd,08065 897 7870,True,4,8,1,1,1,2022-12-31,
37,Olivia Adams,olivia.adams37@ros-uk.com,hashed_0037_pwd,05162 971 1667,True,4,8,4,4,1,2023-08-27,
38,Olivia King,olivia.king38@ros-uk.com,hashed_0038_pwd,04694 991 6005,True,4,8,1,8,1,2022-06-03,
39,Ava Clark,ava.clark39@ros-uk.com,hashed_0039_pwd,08797 623 2412,True,4,8,3,6,1,2023-06-06,
40,Emily Smith,emily.smith40@ros-uk.com,hashed_0040_pwd,07108 311 8632,True,4,8,3,6,1,2023-05-19,
41,Isla Clark,isla.clark41@ros-uk.com,hashed_0041_pwd,04523 171 7257,False,5,9,1,8,1,2024-05-09,2024-08-15
42,Oliver Young,oliver.young42@ros-uk.com,hashed_0042_pwd,05158 454 1463,True,5,9,1,8,1,2022-12-17,
43,Megan Wright,megan.wright43@ros-uk.com,hashed_0043_pwd,04119 993 5058,True,5,9,1,1,1,2023-09-17,
44,Sophie King,sophie.king44@ros-uk.com,hashed_0044_pwd,09825 346 4141,True,5,9,3,3,1,2023-05-31,
45,Amelia Robinson,amelia.robinson45@ros-uk.com,hashed_0045_pwd,08207 255 6747,True,5,9,1,4,1,2023-05-31,
46,Jacob Walker,jacob.walker46@ros-uk.com,hashed_0046_pwd,07524 200 4438,True,5,10,4,8,1,2024-05-18,
47,Daniel Harris,daniel.harris47@ros-uk.com,hashed_0047_pwd,06024 947 3514,True,5,10,1,2,1,2023-09-05,
48,Jacob Brown,jacob.brown48@ros-uk.com,hashed_0048_pwd,07681 462 3280,True,5,10,2,7,1,2024-04-10,
49,James Adams,james.adams49@ros-uk.com,hashed_0049_pwd,03239 893 4754,True,5,10,1,7,1,2022-12-31,
50,Harry Wilson,harry.wilson50@ros-uk.com,hashed_0050_pwd,02810 141 8547,True,5,10,2,4,1,2024-01-25,
51,Charlie Harris,charlie.harris51@ros-uk.com,hashed_0051_pwd,05315 209 5759,False,6,11,3,5,2,2022-11-25,2024-06-14
52,Jacob Smith,jacob.smith52@ros-uk.com,hashed_0052_pwd,05630 848 2508,True,6,11,2,1,2,2024-01-09,
53,Megan Clark,megan.clark53@ros-uk.com,hashed_0053_pwd,02874 746 1202,True,6,11,2,8,2,2023-08-20,
54,Jack Green,jack.green54@ros-uk.com,hashed_0054_pwd,09316 316 9661,True,6,11,1,8,2,2024-01-26,
55,William Davies,william.davies55@ros-uk.com,hashed_0055_pwd,07714 516 5907,True,6,11,4,3,2,2023-11-01,
56,Emily Green,emily.green56@ros-uk.com,hashed_0056_pwd,07438 258 1233,True,6,12,3,9,2,2024-06-02,
57,James Clark,james.clark57@ros-uk.com,hashed_0057_pwd,08547 731 3482,True,6,12,2,3,2,2024-04-02,
58,Amelia Wilson,amelia.wilson58@ros-uk.com,hashed_0058_pwd,08514 859 5585,True,6,12,2,8,2,2022-11-15,
59,Oliver Hall,oliver.hall59@ros-uk.com,hashed_0059_pwd,05004 631 5861,True,6,12,2,2,2,2023-02-25,
60,George Green,george.green60@ros-uk.com,hashed_0060_pwd,02499 273 7742,True,6,12,1,8,2,2022-10-30,
61,William Taylor,william.taylor61@ros-uk.com,hashed_0061_pwd,09528 140 9320,False,7,13,1,2,2,2022-07-05,2023-10-16
62,Harry Harris,harry.harris62@ros-uk.com,hashed_0062_pwd,03181 867 8228,True,7,13,3,6,2,2023-02-08,
63,Emily Williams,emily.williams63@ros-uk.com,hashed_0063_pwd,03464 200 7700,True,7,13,2,8,2,2022-10-07,
64,Charlie Wright,charlie.wright64@ros-uk.com,hashed_0064_pwd,02378 667 8815,True,7,13,1,4,2,2024-05-15,
65,Amelia Hall,amelia.hall65@ros-uk.com,hashed_0065_pwd,05646 964 8646,True,7,13,1,7,2,2024-05-02,
66,Daniel Lewis,daniel.lewis66@ros-uk.com,hashed_0066_pwd,01917 126 6769,True,7,14,4,1,2,2023-06-20,
67,Thomas Walker,thomas.walker67@ros-uk.com,hashed_0067_pwd,07876 132 9403,True,7,14,1,9,2,2022-07-10,
68,Emily Wilson,emily.wilson68@ros-uk.com,hashed_0068_pwd,04690 560 3748,True,7,14,4,8,2,2023-12-25,
69,Thomas King,thomas.king69@ros-uk.com,hashed_0069_pwd,02737 471 4318,True,7,14,4,3,2,2022-10-02,
70,Ava Williams,ava.williams70@ros-uk.com,hashed_0070_pwd,06049 661 8095,True,7,14,2,1,2,2024-01-19,
71,Charlie Smith,charlie.smith71@ros-uk.com,hashed_0071_pwd,04415 921 9646,False,8,15,4,9,2,2023-04-11,2024-02-24
72,Lucy Young,lucy.young72@ros-uk.com,hashed_0072_pwd,02134 303 1566,True,8,15,4,7,2,2023-11-13,
73,Lucy Harris,lucy.harris73@ros-uk.com,hashed_0073_pwd,05543 751 3217,True,8,15,4,7,2,2022-10-14,
74,Olivia Wright,olivia.wright74@ros-uk.com,hashed_0074_pwd,09167 546 5133,True,8,15,2,9,2,2023-10-15,
75,Thomas Wright,thomas.wright75@ros-uk.com,hashed_0075_pwd,06786 424 5757,True,8,15,1,3,2,2024-06-04,
76,William Green,william.green76@ros-uk.com,hashed_0076_pwd,08446 465 2859,True,8,16,3,2,2,2024-03-20,
77,Emily Wilson,emily.wilson77@ros-uk.com,hashed_0077_pwd,07459 271 6494,True,8,16,1,5,2,2022-09-09,
78,Grace Wilson,grace.wilson78@ros-uk.com,hashed_0078_pwd,01570 858 2919,True,8,16,2,9,2,2023-02-04,
79,George Williams,george.williams79@ros-uk.com,hashed_0079_pwd,04144 717 6680,True,8,16,2,6,2,2023-01-02,
80,Jack King,jack.king80@ros-uk.com,hashed_0080_pwd,03451 954 2476,True,8,16,2,3,2,2023-12-22,
81,Jack Adams,jack.adams81@ros-uk.com,hashed_0081_pwd,01479 388 1803,False,9,17,4,9,2,2023-04-14,2024-05-07
82,Thomas Clark,thomas.clark82@ros-uk.com,hashed_0082_pwd,03317 548 7286,True,9,17,1,1,2,2023-12-23,
83,Olivia Wilson,olivia.wilson83@ros-uk.com,hashed_0083_pwd,01813 620 1817,True,9,17,3,1,2,2024-05-01,
84,George Hall,george.hall84@ros-uk.com,hashed_0084_pwd,04572 958 2076,True,9,17,3,9,2,2023-12-20,
85,Charlie Harris,charlie.harris85@ros-uk.com,hashed_0085_pwd,01962 915 7950,True,9,17,3,8,2,2024-06-21,
86,Olivia Adams,olivia.adams86@ros-uk.com,hashed_0086_pwd,09418 670 9243,True,9,18,2,1,2,2023-07-24,
87,Ava Robinson,ava.robinson87@ros-uk.com,hashed_0087_pwd,07538 194 6079,True,9,18,1,4,2,2024-03-17,
88,Ava Wilson,ava.wilson88@ros-uk.com,hashed_0088_pwd,04487 235 8506,True,9,18,2,2,2,2023-04-18,
89,Harry Adams,harry.adams89@ros-uk.com,hashed_0089_pwd,04969 902 8600,True,9,18,2,4,2,2023-09-16,
90,Holly Brown,holly.brown90@ros-uk.com,hashed_0090_pwd,05923 504 7236,True,9,18,3,2,2,2023-02-14,
91,James Brown,james.brown91@ros-uk.com,hashed_0091_pwd,01962 561 6430,False,10,19,3,8,2,2022-11-02,2024-10-22
92,Daniel Robinson,daniel.robinson92@ros-uk.com,hashed_0092_pwd,01674 914 6719,True,10,19,1,6,2,2023-05-18,
93,Harry Adams,harry.adams93@ros-uk.com,hashed_0093_pwd,09396 269 9092,True,10,19,2,1,2,2023-02-02,
94,Emily Wright,emily.wright94@ros-uk.com,hashed_0094_pwd,07136 946 3154,True,10,19,1,7,2,2023-07-25,
95,Amelia Smith,amelia.smith95@ros-uk.com,hashed_0095_pwd,08961 454 7934,True,10,19,1,8,2,2023-12-04,
96,James Green,james.green96@ros-uk.com,hashed_0096_pwd,02755 980 9604,True,10,20,2,5,2,2024-02-09,
97,Emily Smith,emily.smith97@ros-uk.com,hashed_0097_pwd,04122 742 3218,True,10,20,3,2,2,2023-02-27,
98,Oliver Jones,oliver.jones98@ros-uk.com,hashed_0098_pwd,01395 198 8693,True,10,20,2,6,2,2022-11-01,
99,Lucy Wood,lucy.wood99@ros-uk.com,hashed_0099_pwd,04323 916 8496,True,10,20,1,1,2,2023-07-11,
100,Harry Wood,harry.wood100@ros-uk.com,hashed_0100_pwd,03712 567 5143,True,10,20,3,4,2,2023-11-23,
101,Sophie Harris,sophie.harris101@ros-uk.com,hashed_0101_pwd,02490 780 4300,False,11,21,1,7,2,2024-06-30,2024-09-12
102,Daniel Robinson,daniel.robinson102@ros-uk.com,hashed_0102_pwd,06828 837 2516,True,11,21,4,4,2,2023-08-27,
103,Harry Brown,harry.brown103@ros-uk.com,hashed_0103_pwd,08288 606 1468,True,11,21,1,2,2,2023-10-05,
104,Daniel Harris,daniel.harris104@ros-uk.com,hashed_0104_pwd,03670 523 5257,True,11,21,1,5,2,2024-03-13,
105,Jacob Clark,jacob.clark105@ros-uk.com,hashed_0105_pwd,07246 868 2598,True,11,21,1,2,2,2024-05-08,
106,Jacob Walker,jacob.walker106@ros-uk.com,hashed_0106_pwd,05260 479 4313,True,11,22,4,2,2,2022-09-02,
107,Daniel Davies,daniel.davies107@ros-uk.com,hashed_0107_pwd,04953 754 3862,True,11,22,1,9,2,2022-07-22,
108,George Green,george.green108@ros-uk.com,hashed_0108_pwd,02569 715 5381,True,11,22,3,3,2,2022-07-11,
109,Jack Green,jack.green109@ros-uk.com,hashed_0109_pwd,06045 498 5600,True,11,22,2,1,2,2024-01-11,
110,Oliver King,oliver.king110@ros-uk.com,hashed_0110_pwd,03179 991 9254,True,11,22,1,8,2,2023-10-02,
111,Oliver Hall,oliver.hall111@ros-uk.com,hashed_0111_pwd,03710 334 9137,False,12,23,2,3,2,2023-05-01,2024-07-11
112,James Walker,james.walker112@ros-uk.com,hashed_0112_pwd,04273 739 8554,True,12,23,3,5,2,2023-12-21,
113,Megan Williams,megan.williams113@ros-uk.com,hashed_0113_pwd,07934 198 5954,True,12,23,1,1,2,2024-06-18,
114,Sophie Robinson,sophie.robinson114@ros-uk.com,hashed_0114_pwd,04836 109 8451,True,12,23,3,8,2,2023-09-29,
115,Megan Taylor,megan.taylor115@ros-uk.com,hashed_0115_pwd,09229 287 4899,True,12,23,4,2,2,2023-01-19,
116,Holly Wright,holly.wright116@ros-uk.com,hashed_0116_pwd,07011 572 5500,True,12,24,1,9,2,2023-08-22,
117,Grace Brown,grace.brown117@ros-uk.com,hashed_0117_pwd,07754 110 8729,True,12,24,2,3,2,2024-04-26,
118,Emily Clark,emily.clark118@ros-uk.com,hashed_0118_pwd,09973 724 6434,True,12,24,1,8,2,2023-12-25,
119,Jack Williams,jack.williams119@ros-uk.com,hashed_0119_pwd,04499 138 9103,True,12,24,4,7,2,2023-11-21,
120,Holly Johnson,holly.johnson120@ros-uk.com,hashed_0120_pwd,05690 661 8356,True,12,24,2,5,2,2023-07-14,
121,Megan Clark,megan.clark121@ros-uk.com,hashed_0121_pwd,09034 197 4232,False,13,25,4,6,2,2024-06-07,2024-11-23
122,Oliver Green,oliver.green122@ros-uk.com,hashed_0122_pwd,06926 194 8453,True,13,25,4,4,2,2022-08-25,
123,George Harris,george.harris123@ros-uk.com,hashed_0123_pwd,01442 853 7736,True,13,25,4,2,2,2022-07-06,
124,Holly Young,holly.young124@ros-uk.com,hashed_0124_pwd,02964 219 3277,True,13,25,2,4,2,2023-03-03,
125,Sophie Davies,sophie.davies125@ros-uk.com,hashed_0125_pwd,03503 127 8085,True,13,25,2,6,2,2022-09-04,
126,Jacob Clark,jacob.clark126@ros-uk.com,hashed_0126_pwd,06919 148 7377,True,13,26,3,4,2,2022-11-11,
127,Megan Hall,megan.hall127@ros-uk.com,hashed_0127_pwd,05863 266 6362,True,13,26,1,9,2,2023-01-06,
128,Oliver Hall,oliver.hall128@ros-uk.com,hashed_0128_pwd,01443 440 1729,True,13,26,1,3,2,2023-12-15,
129,Isla Johnson,isla.johnson129@ros-uk.com,hashed_0129_pwd,08561 308 3254,True,13,26,3,5,2,2023-11-11,
130,George Harris,george.harris130@ros-uk.com,hashed_0130_pwd,05301 133 5872,True,13,26,3,7,2,2024-04-03,
131,Lucy Hall,lucy.hall131@ros-uk.com,hashed_0131_pwd,04310 979 6867,False,14,27,2,2,3,2023-01-25,2024-01-26
132,George Williams,george.williams132@ros-uk.com,hashed_0132_pwd,01498 832 4975,True,14,27,2,5,3,2022-08-08,
133,Harry Harris,harry.harris133@ros-uk.com,hashed_0133_pwd,03817 765 6718,True,14,27,1,4,3,2024-06-06,
134,Thomas Davies,thomas.davies134@ros-uk.com,hashed_0134_pwd,06139 281 5620,True,14,27,1,9,3,2023-05-13,
135,Emily Robinson,emily.robinson135@ros-uk.com,hashed_0135_pwd,06305 475 2105,True,14,27,1,5,3,2024-01-18,
136,Holly Adams,holly.adams136@ros-uk.com,hashed_0136_pwd,02365 110 8576,True,14,28,1,8,3,2023-04-04,
137,Emily Clark,emily.clark137@ros-uk.com,hashed_0137_pwd,03052 220 9805,True,14,28,1,7,3,2022-06-21,
138,Isla Clark,isla.clark138@ros-uk.com,hashed_0138_pwd,04846 776 7757,True,14,28,1,2,3,2022-12-29,
139,Jack Walker,jack.walker139@ros-uk.com,hashed_0139_pwd,01625 269 7404,True,14,28,3,6,3,2024-05-21,
140,Megan Young,megan.young140@ros-uk.com,hashed_0140_pwd,06291 884 2011,True,14,28,1,5,3,2022-06-03,
141,Thomas King,thomas.king141@ros-uk.com,hashed_0141_pwd,04775 419 8535,False,15,29,4,4,3,2022-06-04,2023-06-29
142,Isla Brown,isla.brown142@ros-uk.com,hashed_0142_pwd,06044 569 8864,True,15,29,4,7,3,2024-05-08,
143,Daniel Williams,daniel.williams143@ros-uk.com,hashed_0143_pwd,02824 478 6189,True,15,29,1,4,3,2023-08-11,
144,Daniel Johnson,daniel.johnson144@ros-uk.com,hashed_0144_pwd,08468 990 9343,True,15,29,4,8,3,2022-07-14,
145,Lucy Johnson,lucy.johnson145@ros-uk.com,hashed_0145_pwd,07863 921 3379,True,15,29,2,4,3,2024-02-01,
146,Oliver Wood,oliver.wood146@ros-uk.com,hashed_0146_pwd,08178 475 7261,True,15,30,1,5,3,2023-02-09,
147,Lucy Young,lucy.young147@ros-uk.com,hashed_0147_pwd,01479 951 6205,True,15,30,1,2,3,2023-10-12,
148,Daniel Davies,daniel.davies148@ros-uk.com,hashed_0148_pwd,07540 544 2933,True,15,30,2,8,3,2024-05-25,
149,Sophie Smith,sophie.smith149@ros-uk.com,hashed_0149_pwd,05662 937 2492,True,15,30,1,5,3,2022-10-06,
150,Oliver Young,oliver.young150@ros-uk.com,hashed_0150_pwd,07728 567 7725,True,15,30,1,4,3,2022-09-07,
151,Isla Harris,isla.harris151@ros-uk.com,hashed_0151_pwd,09596 649 1612,False,16,31,1,6,3,2024-03-26,2024-06-19
152,James Walker,james.walker152@ros-uk.com,hashed_0152_pwd,02467 962 4594,True,16,31,2,2,3,2022-10-18,
153,Amelia Taylor,amelia.taylor153@ros-uk.com,hashed_0153_pwd,02066 777 4524,True,16,31,1,4,3,2023-04-26,
154,Oliver King,oliver.king154@ros-uk.com,hashed_0154_pwd,08388 539 6962,True,16,31,1,3,3,2024-01-25,
155,Thomas Young,thomas.young155@ros-uk.com,hashed_0155_pwd,02135 260 7918,True,16,31,4,9,3,2023-09-20,
156,Harry Young,harry.young156@ros-uk.com,hashed_0156_pwd,04024 611 7576,True,16,32,3,3,3,2024-02-15,
157,Emily King,emily.king157@ros-uk.com,hashed_0157_pwd,07322 127 6060,True,16,32,1,3,3,2022-12-27,
158,Lucy Smith,lucy.smith158@ros-uk.com,hashed_0158_pwd,07223 687 2954,True,16,32,4,5,3,2022-07-29,
159,James Wright,james.wright159@ros-uk.com,hashed_0159_pwd,07062 458 5696,True,16,32,1,3,3,2024-03-12,
160,Charlie Clark,charlie.clark160@ros-uk.com,hashed_0160_pwd,09190 314 6011,True,16,32,2,2,3,2023-03-16,
161,Amelia Clark,amelia.clark161@ros-uk.com,hashed_0161_pwd,03768 871 9441,False,17,33,1,4,3,2023-10-06,2024-06-06
162,Grace Young,grace.young162@ros-uk.com,hashed_0162_pwd,03142 913 1954,True,17,33,1,2,3,2023-08-06,
163,Jack Robinson,jack.robinson163@ros-uk.com,hashed_0163_pwd,07127 147 4627,True,17,33,4,2,3,2024-06-04,
164,Isla Young,isla.young164@ros-uk.com,hashed_0164_pwd,08124 933 5595,True,17,33,1,1,3,2023-03-15,
165,Oliver Brown,oliver.brown165@ros-uk.com,hashed_0165_pwd,03436 349 3849,True,17,33,2,6,3,2022-07-31,
166,Jack King,jack.king166@ros-uk.com,hashed_0166_pwd,03153 162 6572,True,17,34,1,5,3,2023-11-16,
167,Charlie Lewis,charlie.lewis167@ros-uk.com,hashed_0167_pwd,09404 166 4310,True,17,34,1,3,3,2024-04-07,
168,Harry Johnson,harry.johnson168@ros-uk.com,hashed_0168_pwd,05821 156 6538,True,17,34,2,3,3,2023-05-24,
169,George Young,george.young169@ros-uk.com,hashed_0169_pwd,04798 701 2833,True,17,34,3,1,3,2023-03-02,
170,Ava Johnson,ava.johnson170@ros-uk.com,hashed_0170_pwd,05215 943 9266,True,17,34,3,7,3,2022-07-06,
171,George Young,george.young171@ros-uk.com,hashed_0171_pwd,08199 697 8467,False,18,35,1,8,3,2024-01-20,2024-10-09
172,Harry Jones,harry.jones172@ros-uk.com,hashed_0172_pwd,04450 961 6161,True,18,35,1,4,3,2023-04-05,
173,Lucy Johnson,lucy.johnson173@ros-uk.com,hashed_0173_pwd,01446 433 4897,True,18,35,1,5,3,2024-04-19,
174,Daniel Taylor,daniel.taylor174@ros-uk.com,hashed_0174_pwd,03217 896 9335,True,18,35,1,1,3,2023-11-04,
175,Isla Taylor,isla.taylor175@ros-uk.com,hashed_0175_pwd,05579 753 5533,True,18,35,2,8,3,2024-01-18,
176,Charlie Brown,charlie.brown176@ros-uk.com,hashed_0176_pwd,02688 200 7238,True,18,36,2,6,3,2023-08-17,
177,Jack Johnson,jack.johnson177@ros-uk.com,hashed_0177_pwd,01116 841 7411,True,18,36,4,8,3,2023-05-02,
178,Amelia Clark,amelia.clark178@ros-uk.com,hashed_0178_pwd,05732 644 1358,True,18,36,4,7,3,2022-11-23,
179,James Hall,james.hall179@ros-uk.com,hashed_0179_pwd,04457 982 4413,True,18,36,3,3,3,2024-05-19,
180,Megan Wilson,megan.wilson180@ros-uk.com,hashed_0180_pwd,03593 125 4963,True,18,36,1,9,3,2023-04-17,
181,Sophie Williams,sophie.williams181@ros-uk.com,hashed_0181_pwd,05738 241 1710,False,19,37,1,7,3,2023-02-22,2024-05-13
182,Olivia Young,olivia.young182@ros-uk.com,hashed_0182_pwd,01117 405 1417,True,19,37,4,9,3,2023-04-04,
183,Jacob Clark,jacob.clark183@ros-uk.com,hashed_0183_pwd,06856 946 5092,True,19,37,2,8,3,2024-06-24,
184,Harry Adams,harry.adams184@ros-uk.com,hashed_0184_pwd,04282 653 2744,True,19,37,1,8,3,2023-09-27,
185,Ava Davies,ava.davies185@ros-uk.com,hashed_0185_pwd,04379 432 4986,True,19,37,2,9,3,2022-12-04,
186,Isla Clark,isla.clark186@ros-uk.com,hashed_0186_pwd,08968 447 7947,True,19,38,3,8,3,2024-02-29,
187,Olivia King,olivia.king187@ros-uk.com,hashed_0187_pwd,02372 739 7348,True,19,38,3,4,3,2023-08-28,
188,Isla Wood,isla.wood188@ros-uk.com,hashed_0188_pwd,09218 416 6642,True,19,38,3,8,3,2023-01-03,
189,Holly Taylor,holly.taylor189@ros-uk.com,hashed_0189_pwd,07219 161 7642,True,19,38,4,5,3,2022-10-06,
190,Thomas Brown,thomas.brown190@ros-uk.com,hashed_0190_pwd,03467 671 9224,True,19,38,2,8,3,2022-07-16,
191,Grace Young,grace.young191@ros-uk.com,hashed_0191_pwd,04266 594 5362,False,20,39,1,8,3,2022-09-05,2024-10-18
192,Ava Lewis,ava.lewis192@ros-uk.com,hashed_0192_pwd,02292 669 9378,True,20,39,3,5,3,2024-01-21,
193,Oliver Clark,oliver.clark193@ros-uk.com,hashed_0193_pwd,01555 792 4495,True,20,39,1,8,3,2024-06-11,
194,James Wright,james.wright194@ros-uk.com,hashed_0194_pwd,06254 448 9852,True,20,39,3,1,3,2022-10-21,
195,Megan King,megan.king195@ros-uk.com,hashed_0195_pwd,07561 571 6282,True,20,39,1,3,3,2022-10-09,
196,Jack Robinson,jack.robinson196@ros-uk.com,hashed_0196_pwd,09227 513 2712,True,20,40,1,6,3,2023-09-05,
197,William Davies,william.davies197@ros-uk.com,hashed_0197_pwd,01666 450 3437,True,20,40,4,9,3,2022-12-08,
198,Daniel Wood,daniel.wood198@ros-uk.com,hashed_0198_pwd,07068 586 9098,True,20,40,3,4,3,2024-04-21,
199,Jack Davies,jack.davies199@ros-uk.com,hashed_0199_pwd,06276 815 1953,True,20,40,2,2,3,2024-06-26,
200,Harry Brown,harry.brown200@ros-uk.com,hashed_0200_pwd,05069 751 5942,True,20,40,2,2,3,2022-11-15,
201,Saanvi Nair,saanvi.nair201@ros-in.com,hashed_0201_pwd,+91 99397 90380,False,21,41,4,5,3,2023-11-19,2024-02-03
202,Ayaan Gupta,ayaan.gupta202@ros-in.com,hashed_0202_pwd,+91 72317 75792,True,21,41,1,2,3,2024-03-31,
203,Diya Patel,diya.patel203@ros-in.com,hashed_0203_pwd,+91 82273 73523,True,21,41,3,8,3,2023-10-23,
204,Naira Mehta,naira.mehta204@ros-in.com,hashed_0204_pwd,+91 70826 89179,True,21,41,1,1,3,2023-02-23,
205,Aditya Mehta,aditya.mehta205@ros-in.com,hashed_0205_pwd,+91 93882 56856,True,21,41,3,1,3,2024-06-10,
206,Naira Chowdhury,naira.chowdhury206@ros-in.com,hashed_0206_pwd,+91 74025 58836,True,21,41,3,6,3,2024-06-12,
207,Vivaan Bhat,vivaan.bhat207@ros-in.com,hashed_0207_pwd,+91 85519 30691,True,21,41,3,5,3,2024-06-11,
208,Krishna Chowdhury,krishna.chowdhury208@ros-in.com,hashed_0208_pwd,+91 83264 77471,True,21,41,3,3,3,2022-12-26,
209,Aarav Nair,aarav.nair209@ros-in.com,hashed_0209_pwd,+91 87675 17533,True,21,41,4,2,3,2022-07-12,
210,Reyansh Verma,reyansh.verma210@ros-in.com,hashed_0210_pwd,+91 73082 46867,True,21,41,4,9,3,2024-03-10,
211,Kabir Gupta,kabir.gupta211@ros-in.com,hashed_0211_pwd,+91 71660 71500,False,22,42,2,5,3,2023-04-07,2024-01-23
212,Naira Agarwal,naira.agarwal212@ros-in.com,hashed_0212_pwd,+91 98591 32641,True,22,42,1,6,3,2022-12-17,
213,Arjun Sharma,arjun.sharma213@ros-in.com,hashed_0213_pwd,+91 92402 71581,True,22,42,3,6,3,2024-01-29,
214,Riya Pillai,riya.pillai214@ros-in.com,hashed_0214_pwd,+91 71200 21581,True,22,42,1,1,3,2024-03-29,
215,Aarav Rao,aarav.rao215@ros-in.com,hashed_0215_pwd,+91 70232 77918,True,22,42,3,3,3,2023-01-17,
216,Aadhya Sharma,aadhya.sharma216@ros-in.com,hashed_0216_pwd,+91 77675 15310,True,22,42,3,2,3,2022-10-17,
217,Arjun Agarwal,arjun.agarwal217@ros-in.com,hashed_0217_pwd,+91 89490 25287,True,22,42,3,1,3,2024-02-28,
218,Saanvi Bose,saanvi.bose218@ros-in.com,hashed_0218_pwd,+91 77627 24000,True,22,42,4,1,3,2023-12-27,
219,Reyansh Mehta,reyansh.mehta219@ros-in.com,hashed_0219_pwd,+91 93758 62681,True,22,42,1,4,3,2023-04-02,
220,Riya Reddy,riya.reddy220@ros-in.com,hashed_0220_pwd,+91 78206 92053,True,22,42,4,4,3,2023-12-13,
221,Riya Bhat,riya.bhat221@ros-in.com,hashed_0221_pwd,+91 93554 16140,False,23,43,1,2,3,2023-07-31,2024-08-22
222,Saanvi Mehta,saanvi.mehta222@ros-in.com,hashed_0222_pwd,+91 98994 51479,True,23,43,3,3,3,2024-06-29,
223,Saanvi Singh,saanvi.singh223@ros-in.com,hashed_0223_pwd,+91 89949 49995,True,23,43,2,9,3,2023-04-10,
224,Aarohi Singh,aarohi.singh224@ros-in.com,hashed_0224_pwd,+91 76075 48716,True,23,43,1,2,3,2023-07-15,
225,Myra Malhotra,myra.malhotra225@ros-in.com,hashed_0225_pwd,+91 83514 22060,True,23,43,2,6,3,2024-03-03,
226,Aditya Chowdhury,aditya.chowdhury226@ros-in.com,hashed_0226_pwd,+91 80854 27220,True,23,43,1,6,3,2023-08-27,
227,Anika Singh,anika.singh227@ros-in.com,hashed_0227_pwd,+91 84421 63221,True,23,43,3,7,3,2024-04-29,
228,Arjun Sharma,arjun.sharma228@ros-in.com,hashed_0228_pwd,+91 99658 41767,True,23,43,2,3,3,2024-02-18,
229,Anika Patel,anika.patel229@ros-in.com,hashed_0229_pwd,+91 85398 79042,True,23,43,4,8,3,2023-03-19,
230,Aarav Singh,aarav.singh230@ros-in.com,hashed_0230_pwd,+91 81331 37844,True,23,43,2,3,3,2023-10-18,
231,Reyansh Kapoor,reyansh.kapoor231@ros-in.com,hashed_0231_pwd,+91 95839 58779,False,24,44,1,5,4,2024-01-28,2024-11-10
232,Ananya Gupta,ananya.gupta232@ros-in.com,hashed_0232_pwd,+91 70449 38086,True,24,44,3,6,4,2022-11-02,
233,Anika Iyer,anika.iyer233@ros-in.com,hashed_0233_pwd,+91 89206 11000,True,24,44,2,5,4,2023-09-11,
234,Myra Iyer,myra.iyer234@ros-in.com,hashed_0234_pwd,+91 76296 16091,True,24,44,1,2,4,2023-05-08,
235,Ananya Malhotra,ananya.malhotra235@ros-in.com,hashed_0235_pwd,+91 99661 55587,True,24,44,2,9,4,2022-12-12,
236,Reyansh Desai,reyansh.desai236@ros-in.com,hashed_0236_pwd,+91 90081 17975,True,24,44,1,9,4,2023-08-01,
237,Riya Kapoor,riya.kapoor237@ros-in.com,hashed_0237_pwd,+91 91726 87759,True,24,44,1,1,4,2023-02-22,
238,Myra Malhotra,myra.malhotra238@ros-in.com,hashed_0238_pwd,+91 94216 18417,True,24,44,1,4,4,2024-01-03,
239,Riya Rao,riya.rao239@ros-in.com,hashed_0239_pwd,+91 80126 67030,True,24,44,4,3,4,2024-01-21,
240,Vihaan Mehta,vihaan.mehta240@ros-in.com,hashed_0240_pwd,+91 81271 93762,True,24,44,3,6,4,2023-05-21,
241,Anika Rao,anika.rao241@ros-in.com,hashed_0241_pwd,+91 70414 74859,False,25,45,3,6,4,2023-06-10,2024-06-11
242,Diya Bose,diya.bose242@ros-in.com,hashed_0242_pwd,+91 98905 55230,True,25,45,2,3,4,2024-01-30,
243,Aarohi Malhotra,aarohi.malhotra243@ros-in.com,hashed_0243_pwd,+91 98836 41337,True,25,45,1,3,4,2024-04-12,
244,Myra Verma,myra.verma244@ros-in.com,hashed_0244_pwd,+91 72844 25977,True,25,45,1,7,4,2024-02-24,
245,Vihaan Gupta,vihaan.gupta245@ros-in.com,hashed_0245_pwd,+91 71654 89329,True,25,45,1,2,4,2022-06-06,
246,Diya Iyer,diya.iyer246@ros-in.com,hashed_0246_pwd,+91 72911 30077,True,25,45,4,2,4,2022-12-12,
247,Anika Mehta,anika.mehta247@ros-in.com,hashed_0247_pwd,+91 85262 52455,True,25,45,2,3,4,2023-05-22,
248,Reyansh Desai,reyansh.desai248@ros-in.com,hashed_0248_pwd,+91 88165 75417,True,25,45,2,8,4,2023-12-13,
249,Rohan Chowdhury,rohan.chowdhury249@ros-in.com,hashed_0249_pwd,+91 72349 43485,True,25,45,1,5,4,2024-02-26,
250,Vivaan Chowdhury,vivaan.chowdhury250@ros-in.com,hashed_0250_pwd,+91 77081 88163,True,25,45,3,5,4,2024-06-04,
251,Saanvi Reddy,saanvi.reddy251@ros-in.com,hashed_0251_pwd,+91 99005 49757,False,26,46,1,1,4,2023-01-08,2023-07-08
252,Kabir Kumar,kabir.kumar252@ros-in.com,hashed_0252_pwd,+91 73871 37656,True,26,46,2,2,4,2022-08-30,
253,Ayaan Kapoor,ayaan.kapoor253@ros-in.com,hashed_0253_pwd,+91 90071 97700,True,26,46,2,8,4,2023-01-25,
254,Aadhya Patel,aadhya.patel254@ros-in.com,hashed_0254_pwd,+91 91894 88977,True,26,46,3,7,4,2022-07-02,
255,Rohan Gupta,rohan.gupta255@ros-in.com,hashed_0255_pwd,+91 83018 36703,True,26,46,1,1,4,2024-03-23,
256,Aarav Sharma,aarav.sharma256@ros-in.com,hashed_0256_pwd,+91 72258 76115,True,26,46,2,6,4,2024-02-16,
257,Riya Agarwal,riya.agarwal257@ros-in.com,hashed_0257_pwd,+91 92124 93889,True,26,46,1,6,4,2023-06-10,
258,Kabir Nair,kabir.nair258@ros-in.com,hashed_0258_pwd,+91 87602 29708,True,26,46,4,9,4,2023-08-01,
259,Riya Bose,riya.bose259@ros-in.com,hashed_0259_pwd,+91 78132 78053,True,26,46,1,9,4,2022-09-12,
260,Diya Malhotra,diya.malhotra260@ros-in.com,hashed_0260_pwd,+91 75358 17774,True,26,46,1,1,4,2023-11-15,
261,Aarav Verma,aarav.verma261@ros-in.com,hashed_0261_pwd,+91 90655 59405,False,27,47,2,5,4,2023-02-17,2023-11-01
262,Arjun Gupta,arjun.gupta262@ros-in.com,hashed_0262_pwd,+91 93094 70446,True,27,47,3,4,4,2022-06-16,
263,Arjun Bhat,arjun.bhat263@ros-in.com,hashed_0263_pwd,+91 98417 92141,True,27,47,3,7,4,2022-07-18,
264,Krishna Iyer,krishna.iyer264@ros-in.com,hashed_0264_pwd,+91 72646 42355,True,27,47,2,1,4,2023-06-09,
265,Anika Sharma,anika.sharma265@ros-in.com,hashed_0265_pwd,+91 82937 18275,True,27,47,2,5,4,2023-09-01,
266,Ayaan Iyer,ayaan.iyer266@ros-in.com,hashed_0266_pwd,+91 90988 51111,True,27,47,1,1,4,2022-06-27,
267,Rohan Reddy,rohan.reddy267@ros-in.com,hashed_0267_pwd,+91 85802 78050,True,27,47,3,9,4,2022-10-10,
268,Myra Iyer,myra.iyer268@ros-in.com,hashed_0268_pwd,+91 97216 57193,True,27,47,2,3,4,2022-07-25,
269,Rohan Iyer,rohan.iyer269@ros-in.com,hashed_0269_pwd,+91 78615 96897,True,27,47,1,5,4,2022-10-03,
270,Myra Singh,myra.singh270@ros-in.com,hashed_0270_pwd,+91 94094 24490,True,27,47,2,8,4,2022-08-17,
271,Arjun Malhotra,arjun.malhotra271@ros-in.com,hashed_0271_pwd,+91 89457 21897,False,28,48,1,1,4,2022-06-27,2024-04-28
272,Aditya Rao,aditya.rao272@ros-in.com,hashed_0272_pwd,+91 72662 80853,True,28,48,2,7,4,2023-09-20,
273,Rohan Nair,rohan.nair273@ros-in.com,hashed_0273_pwd,+91 85109 45584,True,28,48,2,2,4,2023-02-19,
274,Vivaan Gupta,vivaan.gupta274@ros-in.com,hashed_0274_pwd,+91 85417 86926,True,28,48,1,4,4,2023-09-18,
275,Diya Agarwal,diya.agarwal275@ros-in.com,hashed_0275_pwd,+91 79022 23621,True,28,48,3,2,4,2023-07-18,
276,Ishaan Kapoor,ishaan.kapoor276@ros-in.com,hashed_0276_pwd,+91 77759 61460,True,28,48,2,5,4,2023-05-19,
277,Rohan Joshi,rohan.joshi277@ros-in.com,hashed_0277_pwd,+91 77683 94787,True,28,48,4,9,4,2022-06-17,
278,Ananya Rao,ananya.rao278@ros-in.com,hashed_0278_pwd,+91 80134 75842,True,28,48,3,2,4,2024-05-20,
279,Ayaan Pillai,ayaan.pillai279@ros-in.com,hashed_0279_pwd,+91 75344 84233,True,28,48,3,8,4,2022-12-31,
280,Vivaan Kapoor,vivaan.kapoor280@ros-in.com,hashed_0280_pwd,+91 85789 11912,True,28,48,2,6,4,2024-04-09,
281,Myra Rao,myra.rao281@ros-in.com,hashed_0281_pwd,+91 89133 71089,False,29,49,2,4,4,2024-06-05,2024-08-31
282,Aditya Singh,aditya.singh282@ros-in.com,hashed_0282_pwd,+91 78758 72377,True,29,49,2,8,4,2023-12-31,
283,Anika Sharma,anika.sharma283@ros-in.com,hashed_0283_pwd,+91 89166 35532,True,29,49,1,9,4,2023-05-13,
284,Diya Bose,diya.bose284@ros-in.com,hashed_0284_pwd,+91 83813 33397,True,29,49,3,3,4,2022-10-31,
285,Arjun Verma,arjun.verma285@ros-in.com,hashed_0285_pwd,+91 81049 47443,True,29,49,3,5,4,2023-12-18,
286,Saanvi Kapoor,saanvi.kapoor286@ros-in.com,hashed_0286_pwd,+91 79932 61563,True,29,49,1,1,4,2022-11-17,
287,Reyansh Bhat,reyansh.bhat287@ros-in.com,hashed_0287_pwd,+91 88900 39442,True,29,49,1,2,4,2024-06-02,
288,Myra Bhat,myra.bhat288@ros-in.com,hashed_0288_pwd,+91 79158 45104,True,29,49,1,4,4,2022-10-30,
289,Diya Rao,diya.rao289@ros-in.com,hashed_0289_pwd,+91 87335 37408,True,29,49,1,9,4,2023-11-26,
290,Diya Bhat,diya.bhat290@ros-in.com,hashed_0290_pwd,+91 84067 93059,True,29,49,1,7,4,2023-02-28,
291,Aditya Patel,aditya.patel291@ros-in.com,hashed_0291_pwd,+91 84408 98410,False,30,50,1,1,4,2023-07-25,2024-07-07
292,Vihaan Bhat,vihaan.bhat292@ros-in.com,hashed_0292_pwd,+91 72497 69520,True,30,50,1,2,4,2023-04-14,
293,Aadhya Rao,aadhya.rao293@ros-in.com,hashed_0293_pwd,+91 79237 18202,True,30,50,3,3,4,2023-03-03,
294,Rohan Verma,rohan.verma294@ros-in.com,hashed_0294_pwd,+91 82124 62750,True,30,50,4,2,4,2022-07-19,
295,Riya Joshi,riya.joshi295@ros-in.com,hashed_0295_pwd,+91 71749 60480,True,30,50,1,1,4,2023-04-09,
296,Reyansh Sharma,reyansh.sharma296@ros-in.com,hashed_0296_pwd,+91 72685 68182,True,30,50,1,9,4,2023-09-21,
297,Arjun Nair,arjun.nair297@ros-in.com,hashed_0297_pwd,+91 90869 69421,True,30,50,1,7,4,2023-05-01,
298,Ananya Singh,ananya.singh298@ros-in.com,hashed_0298_pwd,+91 96147 68913,True,30,50,4,7,4,2024-02-27,
299,Aadhya Nair,aadhya.nair299@ros-in.com,hashed_0299_pwd,+91 90875 60333,True,30,50,1,5,4,2024-05-14,
300,Arjun Kapoor,arjun.kapoor300@ros-in.com,hashed_0300_pwd,+91 78860 54845,True,30,50,1,1,4,2024-02-16,
